ID,MWS,Group,Database,Layer,Name,Provider,Level,Geocode,Type,Discription,Download,geojson,Year,Title,Abstract,Data Type,Keywords,Geographic Extent,Scale,Temporal Coverage,Publication Date,Version,Data Provider,Contact Name,Email Address,Phone Number,Address,Data Source,Accuracy,Limitations,Resolution,Coordinate System,Datum,Vertical Datum,Access Constraints,Use Constraints,Data Format,File Size,Download Link,Process Steps,Metadata Creator,Metadata Date,Metadata Standard,Related Publications,Supplementary Info
1,MWS-003,Base Layers,Administration,District Boundary,,SD,Raw,Yes,Vector,,,https://raw.githubusercontent.com/MWS003-GIS/MWS003-GIS.github.io/main/IWWRMP/Data/EXD/01_ADM/Districts/EXD_01_ADM_ DIS_KANDY _poly_v1.geojson,,,,,,,,,,,,,,,,,,,,,,,,,,,,,,,,,
2,MWS-003,Base Layers,Administration,DSD Boundary,,SD,Raw,Yes,Vector,,https://docs.google.com/spreadsheets/d/1j_3yvrEsH5C0DnXzB-6eZzT0OWNMf-7Q/edit?usp=drive_link&ouid=111144810877791116933&rtpof=true&sd=true,https://raw.githubusercontent.com/MWS003-GIS/MWS003-GIS.github.io/main/IWWRMP/Data/EXD/01_ADM/DSD/EXD_01_ADM_DSD_PATHAHEWAHETA.geojson,2019,,,,,,,,,,,,,,,,,,,,,,,,,,,,,,,,
3,MWS-003,Base Layers,Administration,GN Boundary,,SD,Raw,Yes,Vector,,,https://raw.githubusercontent.com/MWS003-GIS/MWS003-GIS.github.io/main/IWWRMP/Data/EXD/01_ADM/GND/MWS_003.geojson,2019,,,,,,,,,,,,,,,,,,,,,,,,,,,,,,,,
4,MWS-003,Base Layers,Land cover,Land cover,,LUPPD,Raw,Yes,Vector,,,https://raw.githubusercontent.com/MWS003-GIS/MWS003-GIS.github.io/main/IWWRMP/Data/EXD/04_LND/LND_LULC/LND_LULC_MWS_003.geojson,2019,,,,,,,,,,,,,,,,,,,,,,,,,,,,,,,,
5,MWS-003,Base Layers,Reservation,Environmental protection area,,FD,Raw,Yes,Vector,,,https://raw.githubusercontent.com/MWS003-GIS/MWS003-GIS.github.io/main/IWWRMP/Data/EXD/03_RSV/RSV_FRC_TF/RSV_FRC_TF_MWS_003.geojson,,,,,,,,,,,,,,,,,,,,,,,,,,,,,,,,,
6,MWS-003,Base Layers,Reservation,Reserved forest,,FD,Raw,Yes,Vector,,,https://raw.githubusercontent.com/MWS003-GIS/MWS003-GIS.github.io/main/IWWRMP/Data/EXD/03_RSV/RSV_FRC_RF/RSV_FRC_RF_UMW.geojson,,,,,,,,,,,,,,,,,,,,,,,,,,,,,,,,,
7,MWS-003,Base Layers,Reservation,Conservation forest,,FD,Raw,Yes,Vector,,,https://raw.githubusercontent.com/MWS003-GIS/MWS003-GIS.github.io/main/IWWRMP/Data/EXD/03_RSV/RSV_FRC_CNF/RSV_FRC_CNF_UMW.geojson,2019,,,,,,,,,,,,,,,,,,,,,,,,,,,,,,,,
8,MWS-003,Base Layers,Reservation,Wild life boundary,,DWC,Raw,Yes,Vector,,,https://raw.githubusercontent.com/MWS003-GIS/MWS003-GIS.github.io/main/IWWRMP/Data/EXD/03_RSV/RSV_DWC/RSV_DWC_UMW.geojson,2019,,,,,,,,,,,,,,,,,,,,,,,,,,,,,,,,
9,MWS-003,Detail Layers,Topography,Spote height,,MASL,Raw,Yes,Vector,,google drive,,2010,,,,,,,,,,,,,,,,,,,,,,,,,,,,,,,,
10,MWS-003,Detail Layers,Topography,Contour,,MASL,Raw,Yes,Vector,,google drive,,2010,,,,,,,,,,,,,,,,,,,,,,,,,,,,,,,,
11,UMW,Raster Layers,Topography,DEM,,IWMI-IWWRMP,Derive,Yes,Raster,,,https://raw.githubusercontent.com/MWS003-GIS/MWS003-GIS.github.io/main/IWWRMP/Data/Derive/Elevation.png,2024,,,,,,,,,,,,,,,,,,,,,,,,,,,,,,,,
12,UMW,Raster Layers,Topography,Slope,,IWMI-IWWRMP,Derive,Yes,Raster,,,https://raw.githubusercontent.com/MWS003-GIS/MWS003-GIS.github.io/main/IWWRMP/Data/Derive/slope.png,2024,,,,,,,,,,,,,,,,,,,,,,,,,,,,,,,,
13,MWS-003,Base Layers,Soil,Soil type,,NRMC,Raw,Yes,Vector,,,https://raw.githubusercontent.com/MWS003-GIS/MWS003-GIS.github.io/main/IWWRMP/Data/EXD/05_SOL/SOIL_SLT/SOIL_SLT_MWS_003.geojson,2010,,,,,,,,,,,,,,,,,,,,,,,,,,,,,,,,
14,MWS-003,Base Layers,Soil,Agro-ecological zone,,NRMC,Raw,Yes,Vector,,,https://raw.githubusercontent.com/MWS003-GIS/MWS003-GIS.github.io/main/IWWRMP/Data/EXD/10_MET/Agro_Eco_Zone/Agro_Eco_Zone_MWS_003.geojson,2010,,,,,,,,,,,,,,,,,,,,,,,,,,,,,,,,
15,MWS-003,Base Layers,Risk and Hazard,Landslide hazard zone,,NBRO,Raw,Yes,Vector,,,https://raw.githubusercontent.com/MWS003-GIS/MWS003-GIS.github.io/main/IWWRMP/Data/EXD/11_HZR/HZR/ED_11_HZR_MWS_003.geojson,2020,,,,,,,,,,,,,,,,,,,,,,,,,,,,,,,,
16,UMW,Raster Layers,Risk and Hazard,Soil erosion hazard,,IWMI-IWWRMP,Derive,Yes,Raster,,,,,,,,,,,,,,,,,,,,,,,,,,,,,,,,,,,,
17,UMW,Raster Layers,Location ,Building dencity ,,IWMI-IWWRMP,Derive,Yes,Raster,,,,,,,,,,,,,,,,,,,,,,,,,,,,,,,,,,,,
18,MWS-003,Base Layers,Demography,Population,,RP,Raw,Yes,Vector,,,https://raw.githubusercontent.com/MWS003-GIS/MWS003-GIS.github.io/main/IWWRMP/Data/EXD/07_SED/SED_PPL/SED_PPL_MWS_003.geojson,2023,,,,,,,,,,,,,,,,,,,,,,,,,,,,,,,,
19,MWS-003,Detail Layers,Hydrology,Stream network,,IWMI-IWWRMP,Derive,Yes,Vector,,,https://raw.githubusercontent.com/MWS003-GIS/MWS003-GIS.github.io/main/IWWRMP/Data/EXD/02_HYD/HYD_DRN/HYD_DRN_MWS_003.geojson,2024,,,,,,,,,,,,,,,,,,,,,,,,,,,,,,,,
20,MWS-003,Detail Layers,Hydrology,Mini watershed,,IWMI-IWWRMP,Derive,Yes,Vector,,,https://raw.githubusercontent.com/MWS003-GIS/MWS003-GIS.github.io/main/IWWRMP/Data/EXD/UMW/MWS_Boundary_Updated_UMC_Names.geojson,2024,,,,,,,,,,,,,,,,,,,,,,,,,,,,,,,,
21,MWS-003,Detail Layers,Location ,Building,,SD,Raw,Yes,Vector,,google drive,,,,,,,,,,,,,,,,,,,,,,,,,,,,,,,,,,
22,MWS-003,Detail Layers,Water features,Water features-point,,SD,Raw,Yes,Vector,,,https://raw.githubusercontent.com/MWS003-GIS/MWS003-GIS.github.io/main/IWWRMP/Data/EXD/02_HYD/Hydro_Pt/HY_Hydro_Pt_MWS_003.geojson,,,,,,,,,,,,,,,,,,,,,,,,,,,,,,,,,
23,MWS-003,Detail Layers,Water features,Water features-line,,SD,Raw,Yes,Vector,,,https://raw.githubusercontent.com/MWS003-GIS/MWS003-GIS.github.io/main/IWWRMP/Data/EXD/02_HYD/Hydro_Li/HY_Hydro_Li_MWS_003.geojson,,,,,,,,,,,,,,,,,,,,,,,,,,,,,,,,,
24,MWS-003,Detail Layers,Water features,Water features-polygon,,SD,Raw,Yes,Vector,,,https://raw.githubusercontent.com/MWS003-GIS/MWS003-GIS.github.io/main/IWWRMP/Data/EXD/02_HYD/Hydro_Pg/HY_Hydro_Pg_MWS_003.geojson,,,,,,,,,,,,,,,,,,,,,,,,,,,,,,,,,
25,MWS-003,Detail Layers,Transpotation,Road,,SD,Raw,Yes,Vector,,,https://raw.githubusercontent.com/MWS003-GIS/MWS003-GIS.github.io/main/IWWRMP/Data/EXD/08_TRP/TR_Transport/TR_Transport_Pt_MWS_003.geojson,,,,,,,,,,,,,,,,,,,,,,,,,,,,,,,,,
26,MWS-003,Detail Layers,Location ,Places,,SD,Raw,Yes,Vector,,,https://raw.githubusercontent.com/MWS003-GIS/MWS003-GIS.github.io/main/IWWRMP/Data/EXD/09_PLC/CA_Toponym/CA_Toponym_Pt_MWS_003.geojson,,,,,,,,,,,,,,,,,,,,,,,,,,,,,,,,,
27,MWS-003,Proposal Layers,Soil and Water Conservation,Soil and water conservation,,IWMI-IWWRMP,Field,Yes,Vector,,,https://raw.githubusercontent.com/MWS003-GIS/MWS003-GIS.github.io/main/IWWRMP/Data/EXD/100_PRP/MWS_003/Table 6_1.geojson,2024,,,,,,,,,,,,,,,,,,,,,,,,,,,,,,,,
28,MWS-003,Proposal Layers,Water Resource Management,Domestic water supply and water source protection,,IWMI-IWWRMP,Field,Yes,Vector,,,https://raw.githubusercontent.com/MWS003-GIS/MWS003-GIS.github.io/main/IWWRMP/Data/EXD/100_PRP/MWS_003/Table 6_12.geojson,2024,,,,,,,,,,,,,,,,,,,,,,,,,,,,,,,,
29,MWS-003,Proposal Layers,Water Resource Management,Minor irrigation related proposals,,IWMI-IWWRMP,Field,Yes,Vector,,,https://raw.githubusercontent.com/MWS003-GIS/MWS003-GIS.github.io/main/IWWRMP/Data/EXD/100_PRP/MWS_003/Table 6_13.geojson,2024,,,,,,,,,,,,,,,,,,,,,,,,,,,,,,,,
30,MWS-003,Proposal Layers,Water Quality Improvement,Water quality improvement,,IWMI-IWWRMP,Field,Yes,Vector,,,https://raw.githubusercontent.com/MWS003-GIS/MWS003-GIS.github.io/main/IWWRMP/Data/EXD/100_PRP/MWS_003/Table 6_14.geojson,2024,,,,,,,,,,,,,,,,,,,,,,,,,,,,,,,,
31,MWS-003,Proposal Layers,Stream Reservation,Stream Reservation,,IWMI-IWWRMP,Field,Yes,Vector,,,https://raw.githubusercontent.com/MWS003-GIS/MWS003-GIS.github.io/main/IWWRMP/Data/EXD/100_PRP/MWS_003/Table 6_18.geojson,2024,,,,,,,,,,,,,,,,,,,,,,,,,,,,,,,,
32,MWS-003,Proposal Layers,Soil and Water Conservation,Lanslides,,IWMI-IWWRMP,Field,Yes,Vector,,,https://raw.githubusercontent.com/MWS003-GIS/MWS003-GIS.github.io/main/IWWRMP/Data/EXD/100_PRP/MWS_003/Table 6_2.geojson,2024,,,,,,,,,,,,,,,,,,,,,,,,,,,,,,,,
33,MWS-003,Proposal Layers,Minor Tanks Restoration,Minor tanks,,IWMI-IWWRMP,Field,Yes,Vector,,,https://raw.githubusercontent.com/MWS003-GIS/MWS003-GIS.github.io/main/IWWRMP/Data/EXD/100_PRP/MWS_003/Table 6_3.geojson,2024,,,,,,,,,,,,,,,,,,,,,,,,,,,,,,,,
34,MWS-003,Proposal Layers,Product and Entrepreneurships Developments,Pecoe Trail,,,Raw,Yes,Vector,,,https://raw.githubusercontent.com/MWS003-GIS/MWS003-GIS.github.io/main/IWWRMP/Data/EXD/100_PRP/UMW/PekoeTrail_Li.geojson,2024,,,,,,,,,,,,,,,,,,,,,,,,,,,,,,,,
35,MWS-003,Proposal Layers,Product and Entrepreneurships Developments,Tourist attract places,,IWMI-IWWRMP,Field,Yes,Vector,,,https://raw.githubusercontent.com/MWS003-GIS/MWS003-GIS.github.io/main/IWWRMP/Data/EXD/100_PRP/UMW/Tourism_Places.geojson,2024,,,,,,,,,,,,,,,,,,,,,,,,,,,,,,,,
36,MWS-003,Proposal Layers,Product and Entrepreneurships Developments,Economic hubs,,IWMI-IWWRMP,Field,Yes,Vector,,,https://raw.githubusercontent.com/MWS003-GIS/MWS003-GIS.github.io/main/IWWRMP/Data/EXD/100_PRP/UMW/Economic_Hubs.geojson,2024,,,,,,,,,,,,,,,,,,,,,,,,,,,,,,,,
37,UMW,Environmental Indicators,Station,Rainfall,,MD,Raw,Yes,Vector,,,https://raw.githubusercontent.com/MWS003-GIS/MWS003-GIS.github.io/main/IWWRMP/Data/EXD/10_MET/RF_St/MET_RF_St.geojson,,,,,,,,,,,,,,,,,,,,,,,,,,,,,,,,,
38,UMW,Environmental Indicators,Station,Temporature,,MD,Raw,Yes,Vector,,,https://raw.githubusercontent.com/MWS003-GIS/MWS003-GIS.github.io/main/IWWRMP/Data/EXD/10_MET/Temp/MET_Temp_St.geojson,,,,,,,,,,,,,,,,,,,,,,,,,,,,,,,,,
39,UMW,Environmental Indicators,Station,Evoporation,,MD,Raw,Yes,Vector,,,https://raw.githubusercontent.com/MWS003-GIS/MWS003-GIS.github.io/main/IWWRMP/Data/EXD/10_MET/EV_St/MET_EV_St.geojson,,,,,,,,,,,,,,,,,,,,,,,,,,,,,,,,,
40,UMW,Environmental Indicators,Station,Water Quality,,CEA,Raw,Yes,Vector,,,https://raw.githubusercontent.com/MWS003-GIS/MWS003-GIS.github.io/main/IWWRMP/Data/EXD/12_WQ/Level%202/pH.geojson,,,,,,,,,,,,,,,,,,,,,,,,,,,,,,,,,
41,UMW,Environmental Indicators,Rainfall,Annual Rainfall,,IWMI-IWWRMP,Derive,Yes,Raster,,,https://raw.githubusercontent.com/MWS003-GIS/MWS003-GIS.github.io/main/IWWRMP/Data/Derive/RF_sum.png,,,,,,,,,,,,,,,,,,,,,,,,,,,,,,,,,
42,UMW,Environmental Indicators,Rainfall,Monthly Rainfall - Jan,,IWMI-IWWRMP,Derive,Yes,Raster,,,https://raw.githubusercontent.com/MWS003-GIS/MWS003-GIS.github.io/main/IWWRMP/Data/Derive/RF_1.png,,,,,,,,,,,,,,,,,,,,,,,,,,,,,,,,,
43,UMW,Environmental Indicators,Rainfall,Monthly Rainfall - Feb,,IWMI-IWWRMP,Derive,Yes,Raster,,,https://raw.githubusercontent.com/MWS003-GIS/MWS003-GIS.github.io/main/IWWRMP/Data/Derive/RF_2.png,,,,,,,,,,,,,,,,,,,,,,,,,,,,,,,,,
44,UMW,Environmental Indicators,Rainfall,Monthly Rainfall - Mar,,IWMI-IWWRMP,Derive,Yes,Raster,,,https://raw.githubusercontent.com/MWS003-GIS/MWS003-GIS.github.io/main/IWWRMP/Data/Derive/RF_3.png,,,,,,,,,,,,,,,,,,,,,,,,,,,,,,,,,
45,UMW,Environmental Indicators,Rainfall,Monthly Rainfall - Apr,,IWMI-IWWRMP,Derive,Yes,Raster,,,https://raw.githubusercontent.com/MWS003-GIS/MWS003-GIS.github.io/main/IWWRMP/Data/Derive/RF_4.png,,,,,,,,,,,,,,,,,,,,,,,,,,,,,,,,,
46,UMW,Environmental Indicators,Rainfall,Monthly Rainfall - May,,IWMI-IWWRMP,Derive,Yes,Raster,,,https://raw.githubusercontent.com/MWS003-GIS/MWS003-GIS.github.io/main/IWWRMP/Data/Derive/RF_5.png,,,,,,,,,,,,,,,,,,,,,,,,,,,,,,,,,
47,UMW,Environmental Indicators,Rainfall,Monthly Rainfall - Jun,,IWMI-IWWRMP,Derive,Yes,Raster,,,https://raw.githubusercontent.com/MWS003-GIS/MWS003-GIS.github.io/main/IWWRMP/Data/Derive/RF_6.png,,,,,,,,,,,,,,,,,,,,,,,,,,,,,,,,,
48,UMW,Environmental Indicators,Rainfall,Monthly Rainfall - Jul,,IWMI-IWWRMP,Derive,Yes,Raster,,,https://raw.githubusercontent.com/MWS003-GIS/MWS003-GIS.github.io/main/IWWRMP/Data/Derive/RF_7.png,,,,,,,,,,,,,,,,,,,,,,,,,,,,,,,,,
49,UMW,Environmental Indicators,Rainfall,Monthly Rainfall - Aug,,IWMI-IWWRMP,Derive,Yes,Raster,,,https://raw.githubusercontent.com/MWS003-GIS/MWS003-GIS.github.io/main/IWWRMP/Data/Derive/RF_8.png,,,,,,,,,,,,,,,,,,,,,,,,,,,,,,,,,
50,UMW,Environmental Indicators,Rainfall,Monthly Rainfall - Sep,,IWMI-IWWRMP,Derive,Yes,Raster,,,https://raw.githubusercontent.com/MWS003-GIS/MWS003-GIS.github.io/main/IWWRMP/Data/Derive/RF_9.png,,,,,,,,,,,,,,,,,,,,,,,,,,,,,,,,,
51,UMW,Environmental Indicators,Rainfall,Monthly Rainfall - Oct,,IWMI-IWWRMP,Derive,Yes,Raster,,,https://raw.githubusercontent.com/MWS003-GIS/MWS003-GIS.github.io/main/IWWRMP/Data/Derive/RF_10.png,,,,,,,,,,,,,,,,,,,,,,,,,,,,,,,,,
52,UMW,Environmental Indicators,Rainfall,Monthly Rainfall - Nov,,IWMI-IWWRMP,Derive,Yes,Raster,,,https://raw.githubusercontent.com/MWS003-GIS/MWS003-GIS.github.io/main/IWWRMP/Data/Derive/RF_11.png,,,,,,,,,,,,,,,,,,,,,,,,,,,,,,,,,
53,UMW,Environmental Indicators,Rainfall,Monthly Rainfall - Dec,,IWMI-IWWRMP,Derive,Yes,Raster,,,https://raw.githubusercontent.com/MWS003-GIS/MWS003-GIS.github.io/main/IWWRMP/Data/Derive/RF_12.png,,,,,,,,,,,,,,,,,,,,,,,,,,,,,,,,,
54,UMW,Environmental Indicators,Temporature - Max,Monthly  Temporature - Max- Jan,,IWMI-IWWRMP,Derive,Yes,Raster,,,https://raw.githubusercontent.com/MWS003-GIS/MWS003-GIS.github.io/main/IWWRMP/Data/Derive/TMAX_1.png,,,,,,,,,,,,,,,,,,,,,,,,,,,,,,,,,
55,UMW,Environmental Indicators,Temporature - Max,Monthly  Temporature - Max- Feb,,IWMI-IWWRMP,Derive,Yes,Raster,,,https://raw.githubusercontent.com/MWS003-GIS/MWS003-GIS.github.io/main/IWWRMP/Data/Derive/TMAX_2.png,,,,,,,,,,,,,,,,,,,,,,,,,,,,,,,,,
56,UMW,Environmental Indicators,Temporature - Max,Monthly  Temporature - Max- Mar,,IWMI-IWWRMP,Derive,Yes,Raster,,,https://raw.githubusercontent.com/MWS003-GIS/MWS003-GIS.github.io/main/IWWRMP/Data/Derive/TMAX_3.png,,,,,,,,,,,,,,,,,,,,,,,,,,,,,,,,,
57,UMW,Environmental Indicators,Temporature - Max,Monthly  Temporature - Max- Apr,,IWMI-IWWRMP,Derive,Yes,Raster,,,https://raw.githubusercontent.com/MWS003-GIS/MWS003-GIS.github.io/main/IWWRMP/Data/Derive/TMAX_4.png,,,,,,,,,,,,,,,,,,,,,,,,,,,,,,,,,
58,UMW,Environmental Indicators,Temporature - Max,Monthly  Temporature - Max- May,,IWMI-IWWRMP,Derive,Yes,Raster,,,https://raw.githubusercontent.com/MWS003-GIS/MWS003-GIS.github.io/main/IWWRMP/Data/Derive/TMAX_5.png,,,,,,,,,,,,,,,,,,,,,,,,,,,,,,,,,
59,UMW,Environmental Indicators,Temporature - Max,Monthly  Temporature - Max- Jun,,IWMI-IWWRMP,Derive,Yes,Raster,,,https://raw.githubusercontent.com/MWS003-GIS/MWS003-GIS.github.io/main/IWWRMP/Data/Derive/TMAX_6.png,,,,,,,,,,,,,,,,,,,,,,,,,,,,,,,,,
60,UMW,Environmental Indicators,Temporature - Max,Monthly  Temporature - Max- Jul,,IWMI-IWWRMP,Derive,Yes,Raster,,,https://raw.githubusercontent.com/MWS003-GIS/MWS003-GIS.github.io/main/IWWRMP/Data/Derive/TMAX_7.png,,,,,,,,,,,,,,,,,,,,,,,,,,,,,,,,,
61,UMW,Environmental Indicators,Temporature - Max,Monthly  Temporature - Max- Aug,,IWMI-IWWRMP,Derive,Yes,Raster,,,https://raw.githubusercontent.com/MWS003-GIS/MWS003-GIS.github.io/main/IWWRMP/Data/Derive/TMAX_8.png,,,,,,,,,,,,,,,,,,,,,,,,,,,,,,,,,
62,UMW,Environmental Indicators,Temporature - Max,Monthly  Temporature - Max- Sep,,IWMI-IWWRMP,Derive,Yes,Raster,,,https://raw.githubusercontent.com/MWS003-GIS/MWS003-GIS.github.io/main/IWWRMP/Data/Derive/TMAX_9.png,,,,,,,,,,,,,,,,,,,,,,,,,,,,,,,,,
63,UMW,Environmental Indicators,Temporature - Max,Monthly  Temporature - Max- Oct,,IWMI-IWWRMP,Derive,Yes,Raster,,,https://raw.githubusercontent.com/MWS003-GIS/MWS003-GIS.github.io/main/IWWRMP/Data/Derive/TMAX_10.png,,,,,,,,,,,,,,,,,,,,,,,,,,,,,,,,,
64,UMW,Environmental Indicators,Temporature - Max,Monthly  Temporature - Max- Nov,,IWMI-IWWRMP,Derive,Yes,Raster,,,https://raw.githubusercontent.com/MWS003-GIS/MWS003-GIS.github.io/main/IWWRMP/Data/Derive/TMAX_11.png,,,,,,,,,,,,,,,,,,,,,,,,,,,,,,,,,
65,UMW,Environmental Indicators,Temporature - Max,Monthly  Temporature - Max- Dec,,IWMI-IWWRMP,Derive,Yes,Raster,,,https://raw.githubusercontent.com/MWS003-GIS/MWS003-GIS.github.io/main/IWWRMP/Data/Derive/TMAX_12.png,,,,,,,,,,,,,,,,,,,,,,,,,,,,,,,,,
66,UMW,Environmental Indicators,Temporature - Min,Monthly  Temporature - Min- Jan,,IWMI-IWWRMP,Derive,Yes,Raster,,,https://raw.githubusercontent.com/MWS003-GIS/MWS003-GIS.github.io/main/IWWRMP/Data/Derive/TMIN_1.png,,,,,,,,,,,,,,,,,,,,,,,,,,,,,,,,,
67,UMW,Environmental Indicators,Temporature - Min,Monthly  Temporature - Min- Feb,,IWMI-IWWRMP,Derive,Yes,Raster,,,https://raw.githubusercontent.com/MWS003-GIS/MWS003-GIS.github.io/main/IWWRMP/Data/Derive/TMIN_2.png,,,,,,,,,,,,,,,,,,,,,,,,,,,,,,,,,
68,UMW,Environmental Indicators,Temporature - Min,Monthly  Temporature - Min- Mar,,IWMI-IWWRMP,Derive,Yes,Raster,,,https://raw.githubusercontent.com/MWS003-GIS/MWS003-GIS.github.io/main/IWWRMP/Data/Derive/TMIN_3.png,,,,,,,,,,,,,,,,,,,,,,,,,,,,,,,,,
69,UMW,Environmental Indicators,Temporature - Min,Monthly  Temporature - Min- Apr,,IWMI-IWWRMP,Derive,Yes,Raster,,,https://raw.githubusercontent.com/MWS003-GIS/MWS003-GIS.github.io/main/IWWRMP/Data/Derive/TMIN_4.png,,,,,,,,,,,,,,,,,,,,,,,,,,,,,,,,,
70,UMW,Environmental Indicators,Temporature - Min,Monthly  Temporature - Min- May,,IWMI-IWWRMP,Derive,Yes,Raster,,,https://raw.githubusercontent.com/MWS003-GIS/MWS003-GIS.github.io/main/IWWRMP/Data/Derive/TMIN_5.png,,,,,,,,,,,,,,,,,,,,,,,,,,,,,,,,,
71,UMW,Environmental Indicators,Temporature - Min,Monthly  Temporature - Min- Jun,,IWMI-IWWRMP,Derive,Yes,Raster,,,https://raw.githubusercontent.com/MWS003-GIS/MWS003-GIS.github.io/main/IWWRMP/Data/Derive/TMIN_6.png,,,,,,,,,,,,,,,,,,,,,,,,,,,,,,,,,
72,UMW,Environmental Indicators,Temporature - Min,Monthly  Temporature - Min- Jul,,IWMI-IWWRMP,Derive,Yes,Raster,,,https://raw.githubusercontent.com/MWS003-GIS/MWS003-GIS.github.io/main/IWWRMP/Data/Derive/TMIN_7.png,,,,,,,,,,,,,,,,,,,,,,,,,,,,,,,,,
73,UMW,Environmental Indicators,Temporature - Min,Monthly  Temporature - Min- Aug,,IWMI-IWWRMP,Derive,Yes,Raster,,,https://raw.githubusercontent.com/MWS003-GIS/MWS003-GIS.github.io/main/IWWRMP/Data/Derive/TMIN_8.png,,,,,,,,,,,,,,,,,,,,,,,,,,,,,,,,,
74,UMW,Environmental Indicators,Temporature - Min,Monthly  Temporature - Min- Sep,,IWMI-IWWRMP,Derive,Yes,Raster,,,https://raw.githubusercontent.com/MWS003-GIS/MWS003-GIS.github.io/main/IWWRMP/Data/Derive/TMIN_9.png,,,,,,,,,,,,,,,,,,,,,,,,,,,,,,,,,
75,UMW,Environmental Indicators,Temporature - Min,Monthly  Temporature - Min- Oct,,IWMI-IWWRMP,Derive,Yes,Raster,,,https://raw.githubusercontent.com/MWS003-GIS/MWS003-GIS.github.io/main/IWWRMP/Data/Derive/TMIN_10.png,,,,,,,,,,,,,,,,,,,,,,,,,,,,,,,,,
76,UMW,Environmental Indicators,Temporature - Min,Monthly  Temporature - Min- Nov,,IWMI-IWWRMP,Derive,Yes,Raster,,,https://raw.githubusercontent.com/MWS003-GIS/MWS003-GIS.github.io/main/IWWRMP/Data/Derive/TMIN_11.png,,,,,,,,,,,,,,,,,,,,,,,,,,,,,,,,,
77,UMW,Environmental Indicators,Temporature - Min,Monthly  Temporature - Min- Dec,,IWMI-IWWRMP,Derive,Yes,Raster,,,https://raw.githubusercontent.com/MWS003-GIS/MWS003-GIS.github.io/main/IWWRMP/Data/Derive/TMIN_12.png,,,,,,,,,,,,,,,,,,,,,,,,,,,,,,,,,
78,UMW,Environmental Indicators,Evoporation,Monthly evoporation - Jan,,IWMI-IWWRMP,Derive,Yes,Raster,,,https://raw.githubusercontent.com/MWS003-GIS/MWS003-GIS.github.io/main/IWWRMP/Data/Derive/EP_1.png,,,,,,,,,,,,,,,,,,,,,,,,,,,,,,,,,
79,UMW,Environmental Indicators,Evoporation,Monthly evoporation - Feb,,IWMI-IWWRMP,Derive,Yes,Raster,,,https://raw.githubusercontent.com/MWS003-GIS/MWS003-GIS.github.io/main/IWWRMP/Data/Derive/EP_2.png,,,,,,,,,,,,,,,,,,,,,,,,,,,,,,,,,
80,UMW,Environmental Indicators,Evoporation,Monthly evoporation - Mar,,IWMI-IWWRMP,Derive,Yes,Raster,,,https://raw.githubusercontent.com/MWS003-GIS/MWS003-GIS.github.io/main/IWWRMP/Data/Derive/EP_3.png,,,,,,,,,,,,,,,,,,,,,,,,,,,,,,,,,
81,UMW,Environmental Indicators,Evoporation,Monthly evoporation - Apr,,IWMI-IWWRMP,Derive,Yes,Raster,,,https://raw.githubusercontent.com/MWS003-GIS/MWS003-GIS.github.io/main/IWWRMP/Data/Derive/EP_4.png,,,,,,,,,,,,,,,,,,,,,,,,,,,,,,,,,
82,UMW,Environmental Indicators,Evoporation,Monthly evoporation - May,,IWMI-IWWRMP,Derive,Yes,Raster,,,https://raw.githubusercontent.com/MWS003-GIS/MWS003-GIS.github.io/main/IWWRMP/Data/Derive/EP_5.png,,,,,,,,,,,,,,,,,,,,,,,,,,,,,,,,,
83,UMW,Environmental Indicators,Evoporation,Monthly evoporation - Jun,,IWMI-IWWRMP,Derive,Yes,Raster,,,https://raw.githubusercontent.com/MWS003-GIS/MWS003-GIS.github.io/main/IWWRMP/Data/Derive/EP_6.png,,,,,,,,,,,,,,,,,,,,,,,,,,,,,,,,,
84,UMW,Environmental Indicators,Evoporation,Monthly evoporation - Jul,,IWMI-IWWRMP,Derive,Yes,Raster,,,https://raw.githubusercontent.com/MWS003-GIS/MWS003-GIS.github.io/main/IWWRMP/Data/Derive/EP_7.png,,,,,,,,,,,,,,,,,,,,,,,,,,,,,,,,,
85,UMW,Environmental Indicators,Evoporation,Monthly evoporation - Aug,,IWMI-IWWRMP,Derive,Yes,Raster,,,https://raw.githubusercontent.com/MWS003-GIS/MWS003-GIS.github.io/main/IWWRMP/Data/Derive/EP_8.png,,,,,,,,,,,,,,,,,,,,,,,,,,,,,,,,,
86,UMW,Environmental Indicators,Evoporation,Monthly evoporation - Sep,,IWMI-IWWRMP,Derive,Yes,Raster,,,https://raw.githubusercontent.com/MWS003-GIS/MWS003-GIS.github.io/main/IWWRMP/Data/Derive/EP_9.png,,,,,,,,,,,,,,,,,,,,,,,,,,,,,,,,,
87,UMW,Environmental Indicators,Evoporation,Monthly evoporation - Oct,,IWMI-IWWRMP,Derive,Yes,Raster,,,https://raw.githubusercontent.com/MWS003-GIS/MWS003-GIS.github.io/main/IWWRMP/Data/Derive/EP_10.png,,,,,,,,,,,,,,,,,,,,,,,,,,,,,,,,,
88,UMW,Environmental Indicators,Evoporation,Monthly evoporation - Nov,,IWMI-IWWRMP,Derive,Yes,Raster,,,https://raw.githubusercontent.com/MWS003-GIS/MWS003-GIS.github.io/main/IWWRMP/Data/Derive/EP_11.png,,,,,,,,,,,,,,,,,,,,,,,,,,,,,,,,,
89,UMW,Environmental Indicators,Evoporation,Monthly evoporation - Dec,,IWMI-IWWRMP,Derive,Yes,Raster,,,https://raw.githubusercontent.com/MWS003-GIS/MWS003-GIS.github.io/main/IWWRMP/Data/Derive/EP_12.png,,,,,,,,,,,,,,,,,,,,,,,,,,,,,,,,,
90,MWS-003,Proposal,Soil and Water Conservation,Key activities proposed for soil and water conservation in MWS,,IWMI-IWWRMP,Field,No,Text,,,https://raw.githubusercontent.com/MWS003-GIS/MWS003-GIS.github.io/main/IWWRMP/Data/Proposal/MWS_003/Table_6_1.csv,,,,,,,,,,,,,,,,,,,,,,,,,,,,,,,,,
91,MWS-003,Proposal,Soil and Water Conservation,Details of Reported landslides in MWS,,IWMI-IWWRMP,Field,No,Text,,,https://raw.githubusercontent.com/MWS003-GIS/MWS003-GIS.github.io/main/IWWRMP/Data/Proposal/MWS_003/Table_6_2.csv,,,,,,,,,,,,,,,,,,,,,,,,,,,,,,,,,
92,MWS-003,Proposal,Minor Tanks Restoration,Details of minor tanks available in MWS,,IWMI-IWWRMP,Field,No,Text,,,https://raw.githubusercontent.com/MWS003-GIS/MWS003-GIS.github.io/main/IWWRMP/Data/Proposal/MWS_003/Table_6_3.csv,,,,,,,,,,,,,,,,,,,,,,,,,,,,,,,,,
93,MWS-003,Proposal,Minor Tanks Restoration,Salient details of tanks in MWS,,IWMI-IWWRMP,Field,No,Text,,,https://raw.githubusercontent.com/MWS003-GIS/MWS003-GIS.github.io/main/IWWRMP/Data/Proposal/MWS_003/Table_6_4.csv,,,,,,,,,,,,,,,,,,,,,,,,,,,,,,,,,
94,MWS-003,Proposal,Minor Tanks Restoration,Provisional cost estimate of Hanthana Wewa restoration,,IWMI-IWWRMP,Field,No,Text,,,https://raw.githubusercontent.com/MWS003-GIS/MWS003-GIS.github.io/main/IWWRMP/Data/Proposal/MWS_003/Table_6_5.csv,,,,,,,,,,,,,,,,,,,,,,,,,,,,,,,,,
95,MWS-003,Proposal,Minor Tanks Restoration,Provisional cost estimate of TSHDA tank rehabilitation,,IWMI-IWWRMP,Field,No,Text,,,https://raw.githubusercontent.com/MWS003-GIS/MWS003-GIS.github.io/main/IWWRMP/Data/Proposal/MWS_003/Table_6_6.csv,,,,,,,,,,,,,,,,,,,,,,,,,,,,,,,,,
96,MWS-003,Proposal,Minor Tanks Restoration,Implementation schedule of Hanthana Wewa restoration,,IWMI-IWWRMP,Field,No,Text,,,https://raw.githubusercontent.com/MWS003-GIS/MWS003-GIS.github.io/main/IWWRMP/Data/Proposal/MWS_003/Table_6_7.csv,,,,,,,,,,,,,,,,,,,,,,,,,,,,,,,,,
97,MWS-003,Proposal,Minor Tanks Restoration,Implementation schedule of TSHDA Tank,,IWMI-IWWRMP,Field,No,Text,,,https://raw.githubusercontent.com/MWS003-GIS/MWS003-GIS.github.io/main/IWWRMP/Data/Proposal/MWS_003/Table_6_8.csv,,,,,,,,,,,,,,,,,,,,,,,,,,,,,,,,,
98,MWS-003,Proposal,Water Resource Management,Numbers of proposals related to water source protection,,IWMI-IWWRMP,Field,No,Text,,,https://raw.githubusercontent.com/MWS003-GIS/MWS003-GIS.github.io/main/IWWRMP/Data/Proposal/MWS_003/Table_6_9.csv,,,,,,,,,,,,,,,,,,,,,,,,,,,,,,,,,
99,MWS-003,Proposal,Water Resource Management,Domestic water supply proposals,,IWMI-IWWRMP,Field,No,Text,,,https://raw.githubusercontent.com/MWS003-GIS/MWS003-GIS.github.io/main/IWWRMP/Data/Proposal/MWS_003/Table_6_10.csv,,,,,,,,,,,,,,,,,,,,,,,,,,,,,,,,,
100,MWS-003,Proposal,Water Resource Management,Irrigation related proposals,,IWMI-IWWRMP,Field,No,Text,,,https://raw.githubusercontent.com/MWS003-GIS/MWS003-GIS.github.io/main/IWWRMP/Data/Proposal/MWS_003/Table_6_11.csv,,,,,,,,,,,,,,,,,,,,,,,,,,,,,,,,,
101,MWS-003,Proposal,Water Resource Management,Cost estimate of domestic water supply and water source protection-related proposals,,IWMI-IWWRMP,Field,No,Text,,,https://raw.githubusercontent.com/MWS003-GIS/MWS003-GIS.github.io/main/IWWRMP/Data/Proposal/MWS_003/Table_6_12.csv,,,,,,,,,,,,,,,,,,,,,,,,,,,,,,,,,
102,MWS-003,Proposal,Water Resource Management,Cost estimate of minor irrigation related proposals with locations,,IWMI-IWWRMP,Field,No,Text,,,https://raw.githubusercontent.com/MWS003-GIS/MWS003-GIS.github.io/main/IWWRMP/Data/Proposal/MWS_003/Table_6_13.csv,,,,,,,,,,,,,,,,,,,,,,,,,,,,,,,,,
103,MWS-003,Proposal,Water Quality Improvement,Key activities proposed for water quality improvement in MWS-003,,IWMI-IWWRMP,Field,No,Text,,,https://raw.githubusercontent.com/MWS003-GIS/MWS003-GIS.github.io/main/IWWRMP/Data/Proposal/MWS_003/Table_6_14.csv,,,,,,,,,,,,,,,,,,,,,,,,,,,,,,,,,
104,MWS-003,Proposal,Stream Reservation,Stream bank protection proposals,,IWMI-IWWRMP,Field,No,Text,,,https://raw.githubusercontent.com/MWS003-GIS/MWS003-GIS.github.io/main/IWWRMP/Data/Proposal/MWS_003/Table_6_15.csv,,,,,,,,,,,,,,,,,,,,,,,,,,,,,,,,,
105,MWS-003,Proposal,Stream Reservation,Brief description of legal provisions,,IWMI-IWWRMP,Field,No,Text,,,https://raw.githubusercontent.com/MWS003-GIS/MWS003-GIS.github.io/main/IWWRMP/Data/Proposal/MWS_003/Table_6_16.csv,,,,,,,,,,,,,,,,,,,,,,,,,,,,,,,,,
106,MWS-003,Proposal,Stream Reservation,Specimen estimates for the proposed protection types of stream reservation by replanting selected tree species,,IWMI-IWWRMP,Field,No,Text,,,https://raw.githubusercontent.com/MWS003-GIS/MWS003-GIS.github.io/main/IWWRMP/Data/Proposal/MWS_003/Table_6_17.csv,,,,,,,,,,,,,,,,,,,,,,,,,,,,,,,,,
107,MWS-003,Proposal,Stream Reservation,Total Cost Estimate for Stream Reservation Proposals,,IWMI-IWWRMP,Field,No,Text,,,https://raw.githubusercontent.com/MWS003-GIS/MWS003-GIS.github.io/main/IWWRMP/Data/Proposal/MWS_003/Table_6_18.csv,,,,,,,,,,,,,,,,,,,,,,,,,,,,,,,,,
108,MWS-003,Proposal,Product and Entrepreneurships Developments,Packaging and transport of agricultural produce,,IWMI-IWWRMP,Field,No,Text,,,https://raw.githubusercontent.com/MWS003-GIS/MWS003-GIS.github.io/main/IWWRMP/Data/Proposal/MWS_003/Table_6_19.csv,,,,,,,,,,,,,,,,,,,,,,,,,,,,,,,,,
109,MWS-003,Proposal,Product and Entrepreneurships Developments,Potential for tourism development and promotion in the area,,IWMI-IWWRMP,Field,No,Text,,,https://raw.githubusercontent.com/MWS003-GIS/MWS003-GIS.github.io/main/IWWRMP/Data/Proposal/MWS_003/Table_6_20.csv,,,,,,,,,,,,,,,,,,,,,,,,,,,,,,,,,
110,MWS-003,Proposal,Product and Entrepreneurships Developments,Cost estimates and Time frame,,IWMI-IWWRMP,Field,No,Text,,,https://raw.githubusercontent.com/MWS003-GIS/MWS003-GIS.github.io/main/IWWRMP/Data/Proposal/MWS_003/Table_6_21.csv,,,,,,,,,,,,,,,,,,,,,,,,,,,,,,,,,
111,MWS-003,Proposal,Forest Management,Key stakeholders of Forest lands,,IWMI-IWWRMP,Field,No,Text,,,https://raw.githubusercontent.com/MWS003-GIS/MWS003-GIS.github.io/main/IWWRMP/Data/Proposal/MWS_003/Table_6_22.csv,,,,,,,,,,,,,,,,,,,,,,,,,,,,,,,,,
112,MWS-003,Proposal,Forest Management,Forest lands in MWS-003,,IWMI-IWWRMP,Field,No,Text,,,https://raw.githubusercontent.com/MWS003-GIS/MWS003-GIS.github.io/main/IWWRMP/Data/Proposal/MWS_003/Table_6_23.csv,,,,,,,,,,,,,,,,,,,,,,,,,,,,,,,,,
113,MWS-003,Proposal,Forest Management,HEPA within MWS-003,,IWMI-IWWRMP,Field,No,Text,,,https://raw.githubusercontent.com/MWS003-GIS/MWS003-GIS.github.io/main/IWWRMP/Data/Proposal/MWS_003/Table_6_24.csv,,,,,,,,,,,,,,,,,,,,,,,,,,,,,,,,,
114,MWS-003,Proposal,Forest Management,Vegetation cover vs population in MWS-003,,IWMI-IWWRMP,Field,No,Text,,,https://raw.githubusercontent.com/MWS003-GIS/MWS003-GIS.github.io/main/IWWRMP/Data/Proposal/MWS_003/Table_6_25.csv,,,,,,,,,,,,,,,,,,,,,,,,,,,,,,,,,
115,MWS-003,Proposal,Forest Management,The details of cost to be incurred to establish boundary posts and fire belts,,IWMI-IWWRMP,Field,No,Text,,,https://raw.githubusercontent.com/MWS003-GIS/MWS003-GIS.github.io/main/IWWRMP/Data/Proposal/MWS_003/Table_6_26.csv,,,,,,,,,,,,,,,,,,,,,,,,,,,,,,,,,
116,MWS-003,Proposal,Forest Management,Costing of the proposed activities for 18-acre block of land,,IWMI-IWWRMP,Field,No,Text,,,https://raw.githubusercontent.com/MWS003-GIS/MWS003-GIS.github.io/main/IWWRMP/Data/Proposal/MWS_003/Table_6_27.csv,,,,,,,,,,,,,,,,,,,,,,,,,,,,,,,,,
117,MWS-003,Proposal,Tea Land Management,Key stakeholders of Tea lands,,IWMI-IWWRMP,Field,No,Text,,,https://raw.githubusercontent.com/MWS003-GIS/MWS003-GIS.github.io/main/IWWRMP/Data/Proposal/MWS_003/Table_6_28.csv,,,,,,,,,,,,,,,,,,,,,,,,,,,,,,,,,
118,MWS-003,Proposal,Tea Land Management,Details of Tea Landholdings,,IWMI-IWWRMP,Field,No,Text,,,https://raw.githubusercontent.com/MWS003-GIS/MWS003-GIS.github.io/main/IWWRMP/Data/Proposal/MWS_003/Table_6_29.csv,,,,,,,,,,,,,,,,,,,,,,,,,,,,,,,,,
119,MWS-003,Proposal,Tea Land Management,Details of land extents of Tea smallholdings (Source: TSHDA database),,IWMI-IWWRMP,Field,No,Text,,,https://raw.githubusercontent.com/MWS003-GIS/MWS003-GIS.github.io/main/IWWRMP/Data/Proposal/MWS_003/Table_6_30.csv,,,,,,,,,,,,,,,,,,,,,,,,,,,,,,,,,
120,MWS-003,Proposal,Tea Land Management,Proposed Five-year Plan-MWS-003,,IWMI-IWWRMP,Field,No,Text,,,https://raw.githubusercontent.com/MWS003-GIS/MWS003-GIS.github.io/main/IWWRMP/Data/Proposal/MWS_003/Table_6_31.csv,,,,,,,,,,,,,,,,,,,,,,,,,,,,,,,,,
121,MWS-003,Proposal,Tea Land Management,Estimated cost to be incurred for planting one hectare of tea lands,,IWMI-IWWRMP,Field,No,Text,,,https://raw.githubusercontent.com/MWS003-GIS/MWS003-GIS.github.io/main/IWWRMP/Data/Proposal/MWS_003/Table_6_32.csv,,,,,,,,,,,,,,,,,,,,,,,,,,,,,,,,,
122,MWS-003,Proposal,Tea Land Management,Total estimated cost of production for the five-year period,,IWMI-IWWRMP,Field,No,Text,,,https://raw.githubusercontent.com/MWS003-GIS/MWS003-GIS.github.io/main/IWWRMP/Data/Proposal/MWS_003/Table_6_33.csv,,,,,,,,,,,,,,,,,,,,,,,,,,,,,,,,,
123,MWS-003,Proposal,Livelihood Improvement,Potential value-added production,,IWMI-IWWRMP,Field,No,Text,,,https://raw.githubusercontent.com/MWS003-GIS/MWS003-GIS.github.io/main/IWWRMP/Data/Proposal/MWS_003/Table_6_34.csv,,,,,,,,,,,,,,,,,,,,,,,,,,,,,,,,,
124,MWS-003,Proposal,Livelihood Improvement,Insurance service providers,,IWMI-IWWRMP,Field,No,Text,,,https://raw.githubusercontent.com/MWS003-GIS/MWS003-GIS.github.io/main/IWWRMP/Data/Proposal/MWS_003/Table_6_35.csv,,,,,,,,,,,,,,,,,,,,,,,,,,,,,,,,,
125,MWS-003,Proposal,Livelihood Improvement,Cost estimation of livelihood development activities,,IWMI-IWWRMP,Field,No,Text,,,https://raw.githubusercontent.com/MWS003-GIS/MWS003-GIS.github.io/main/IWWRMP/Data/Proposal/MWS_003/Table_6_36.csv,,,,,,,,,,,,,,,,,,,,,,,,,,,,,,,,,
126,MWS-003,Proposal,Livelihood Improvement,Timeframe for the implementation,,IWMI-IWWRMP,Field,No,Text,,,https://raw.githubusercontent.com/MWS003-GIS/MWS003-GIS.github.io/main/IWWRMP/Data/Proposal/MWS_003/Table_6_37.csv,,,,,,,,,,,,,,,,,,,,,,,,,,,,,,,,,
127,MWS-003,Proposal,Training and Capacity Development,Contents of the agriculture productivity improvement training,,IWMI-IWWRMP,Field,No,Text,,,https://raw.githubusercontent.com/MWS003-GIS/MWS003-GIS.github.io/main/IWWRMP/Data/Proposal/MWS_003/Table_6_38.csv,,,,,,,,,,,,,,,,,,,,,,,,,,,,,,,,,
128,MWS-003,Proposal,Training and Capacity Development,Recommended training programs for Livelihood development and marketing,,IWMI-IWWRMP,Field,No,Text,,,https://raw.githubusercontent.com/MWS003-GIS/MWS003-GIS.github.io/main/IWWRMP/Data/Proposal/MWS_003/Table_6_39.csv,,,,,,,,,,,,,,,,,,,,,,,,,,,,,,,,,
129,MWS-003,Proposal,Training and Capacity Development,Expenditure Estimate for training programs,,IWMI-IWWRMP,Field,No,Text,,,https://raw.githubusercontent.com/MWS003-GIS/MWS003-GIS.github.io/main/IWWRMP/Data/Proposal/MWS_003/Table_6_40.csv,,,,,,,,,,,,,,,,,,,,,,,,,,,,,,,,,
130,MWS-003,Product,Map,Overview map,,IWMI-IWWRMP,Derive,No,Image,,,https://raw.githubusercontent.com/MWS003-GIS/MWS003-GIS.github.io/main/IWWRMP/Data/Derive/Map/map_00/00_IndexMap_003.jpg,,,,,,,,,,,,,,,,,,,,,,,,,,,,,,,,,
131,MWS-003,Product,Map,Min watershed index map,,IWMI-IWWRMP,Derive,No,Image,,,https://raw.githubusercontent.com/MWS003-GIS/MWS003-GIS.github.io/main/IWWRMP/Data/Derive/Map/map_01/01_IndexMap_003.jpg,,,,,,,,,,,,,,,,,,,,,,,,,,,,,,,,,
132,MWS-003,Product,Map,Boundary demarcated Google map.,,IWMI-IWWRMP,Derive,No,Image,,,https://raw.githubusercontent.com/MWS003-GIS/MWS003-GIS.github.io/main/IWWRMP/Data/Derive/Map/map_02/02_GoogleMap_003.jpg,,,,,,,,,,,,,,,,,,,,,,,,,,,,,,,,,
133,MWS-003,Product,Map,Administrative Boundary map,,IWMI-IWWRMP,Derive,No,Image,,,https://raw.githubusercontent.com/MWS003-GIS/MWS003-GIS.github.io/main/IWWRMP/Data/Derive/Map/map_03/03_AdminMap_003.jpg,,,,,,,,,,,,,,,,,,,,,,,,,,,,,,,,,
134,MWS-003,Product,Map,Stream network map,,IWMI-IWWRMP,Derive,No,Image,,,https://raw.githubusercontent.com/MWS003-GIS/MWS003-GIS.github.io/main/IWWRMP/Data/Derive/Map/map_04/04_StreamMap_003.jpg,,,,,,,,,,,,,,,,,,,,,,,,,,,,,,,,,
135,MWS-003,Product,Map,Road network map,,IWMI-IWWRMP,Derive,No,Image,,,https://raw.githubusercontent.com/MWS003-GIS/MWS003-GIS.github.io/main/IWWRMP/Data/Derive/Map/map_05/05_RoadMap_003.jpg,,,,,,,,,,,,,,,,,,,,,,,,,,,,,,,,,
136,MWS-003,Product,Map,Building map,,IWMI-IWWRMP,Derive,No,Image,,,https://raw.githubusercontent.com/MWS003-GIS/MWS003-GIS.github.io/main/IWWRMP/Data/Derive/Map/map_06/06_BuildingMap_003.jpg,,,,,,,,,,,,,,,,,,,,,,,,,,,,,,,,,
137,MWS-003,Product,Map,Land Use map,,IWMI-IWWRMP,Derive,No,Image,,,https://raw.githubusercontent.com/MWS003-GIS/MWS003-GIS.github.io/main/IWWRMP/Data/Derive/Map/map_07/07_LandCoverMap_003.jpg,,,,,,,,,,,,,,,,,,,,,,,,,,,,,,,,,
138,MWS-003,Product,Map,Forest map,,IWMI-IWWRMP,Derive,No,Image,,,https://raw.githubusercontent.com/MWS003-GIS/MWS003-GIS.github.io/main/IWWRMP/Data/Derive/Map/map_08/08_ForestCoverMap_003.jpg,,,,,,,,,,,,,,,,,,,,,,,,,,,,,,,,,
139,MWS-003,Product,Map,Elevation map,,IWMI-IWWRMP,Derive,No,Image,,,https://raw.githubusercontent.com/MWS003-GIS/MWS003-GIS.github.io/main/IWWRMP/Data/Derive/Map/map_10/10_SlopeMap_003.jpg,,,,,,,,,,,,,,,,,,,,,,,,,,,,,,,,,
140,MWS-003,Product,Map,Slope map,,IWMI-IWWRMP,Derive,No,Image,,,https://raw.githubusercontent.com/MWS003-GIS/MWS003-GIS.github.io/main/IWWRMP/Data/Derive/Map/map_11/11_SoilMap_003.jpg,,,,,,,,,,,,,,,,,,,,,,,,,,,,,,,,,
141,MWS-003,Product,Map,Soil map,,IWMI-IWWRMP,Derive,No,Image,,,https://raw.githubusercontent.com/MWS003-GIS/MWS003-GIS.github.io/main/IWWRMP/Data/Derive/Map/map_12/12_AgroEcoMap_003.jpg,,,,,,,,,,,,,,,,,,,,,,,,,,,,,,,,,
142,MWS-003,Product,Map,Argo-ecological zone map,,IWMI-IWWRMP,Derive,No,Image,,,https://raw.githubusercontent.com/MWS003-GIS/MWS003-GIS.github.io/main/IWWRMP/Data/Derive/Map/map_13/13_RainFallMap_003.jpg,,,,,,,,,,,,,,,,,,,,,,,,,,,,,,,,,
143,MWS-003,Product,Map,Rainfall map,,IWMI-IWWRMP,Derive,No,Image,,,https://raw.githubusercontent.com/MWS003-GIS/MWS003-GIS.github.io/main/IWWRMP/Data/Derive/Map/map_14/14_ErosionMap_003.jpg,,,,,,,,,,,,,,,,,,,,,,,,,,,,,,,,,
144,MWS-003,Product,Map,Soil erosion hazard map.,,IWMI-IWWRMP,Derive,No,Image,,,https://raw.githubusercontent.com/MWS003-GIS/MWS003-GIS.github.io/main/IWWRMP/Data/Derive/Map/map_16/Tmax/15_TmaxMap_003.jpg,,,,,,,,,,,,,,,,,,,,,,,,,,,,,,,,,
145,MWS-003,Product,Map,Temperature map,,IWMI-IWWRMP,Derive,No,Image,,,https://raw.githubusercontent.com/MWS003-GIS/MWS003-GIS.github.io/main/IWWRMP/Data/Derive/Map/map_16/Tmin/16_TminMap_003.jpg,,,,,,,,,,,,,,,,,,,,,,,,,,,,,,,,,
146,MWS-003,Product,Map,Evaporation map,,IWMI-IWWRMP,Derive,No,Image,,,https://raw.githubusercontent.com/MWS003-GIS/MWS003-GIS.github.io/main/IWWRMP/Data/Derive/Map/map_17/17_EvpMap_003.jpg,,,,,,,,,,,,,,,,,,,,,,,,,,,,,,,,,
147,MWS-003,Product,Map,Population density map,,IWMI-IWWRMP,Derive,No,Image,,,https://raw.githubusercontent.com/MWS003-GIS/MWS003-GIS.github.io/main/IWWRMP/Data/Derive/Map/map_18/18_PopDenMap_003.jpg,,,,,,,,,,,,,,,,,,,,,,,,,,,,,,,,,
148,MWS-003,Product,Map,Travel map /Archaeology site map,,IWMI-IWWRMP,Derive,No,Image,,,https://raw.githubusercontent.com/MWS003-GIS/MWS003-GIS.github.io/main/IWWRMP/Data/Derive/Map/map_19/19_TouristMap_003.jpg,,,,,,,,,,,,,,,,,,,,,,,,,,,,,,,,,
149,MWS-003,Product,Map,Landslide hazard map,,IWMI-IWWRMP,Derive,No,Image,,,https://raw.githubusercontent.com/MWS003-GIS/MWS003-GIS.github.io/main/IWWRMP/Data/Derive/Map/map_20/20_LandSlideMap_003.jpg,,,,,,,,,,,,,,,,,,,,,,,,,,,,,,,,,
150,MWS-003,Product,Report,Watershed managment plan,,IWMI-IWWRMP,Derive,No,Text,,google drive,,,,,,,,,,,,,,,,,,,,,,,,,,,,,,,,,,
151,MWS-003,Product,Annex,Map atlas,,IWMI-IWWRMP,Derive,No,Text,,google drive,,,,,,,,,,,,,,,,,,,,,,,,,,,,,,,,,,
152,MWS-003,Product,Annex,annex2,,IWMI-IWWRMP,Derive,No,Text,,google drive,,,,,,,,,,,,,,,,,,,,,,,,,,,,,,,,,,
153,MWS-003,Product,Annex,annex3,,IWMI-IWWRMP,Derive,No,Text,,google drive,,,,,,,,,,,,,,,,,,,,,,,,,,,,,,,,,,
154,MWS-003,Product,Annex,GCP committee ,,IWMI-IWWRMP,Field,No,Text,,,https://raw.githubusercontent.com/MWS003-GIS/MWS003-GIS.github.io/main/IWWRMP/Data/EXD/Admin/Pathahewaheta_name_lists.xlsx,,,,,,,,,,,,,,,,,,,,,,,,,,,,,,,,,
155,MWS-003,Product,Statistic,List of GND,,IWMI-IWWRMP,Derive,No,Text,,,.csv,,,,,,,,,,,,,,,,,,,,,,,,,,,,,,,,,
156,MWS-003,Product,Statistic,Land Cover Statistic,,IWMI-IWWRMP,Derive,No,Text,,,.csv,,,,,,,,,,,,,,,,,,,,,,,,,,,,,,,,,
157,MWS-003,Product,Statistic,Forest Cover Statistic,,IWMI-IWWRMP,Derive,No,Text,,,.csv,,,,,,,,,,,,,,,,,,,,,,,,,,,,,,,,,
158,MWS-003,Product,Statistic,Climate statistic,,IWMI-IWWRMP,Derive,No,Text,,,.csv,,,,,,,,,,,,,,,,,,,,,,,,,,,,,,,,,
159,MWS-003,Product,Photo,Photo,,IWMI-IWWRMP,Derive,No,Image,,google drive,,,,,,,,,,,,,,,,,,,,,,,,,,,,,,,,,,
160,UMW,Administration,Organization,List of stakeholders,,,,No,Text,,,https://raw.githubusercontent.com/MWS003-GIS/MWS003-GIS.github.io/main/IWWRMP/Data/EXD/Admin/UMW_Stakeholder_List.xlsx,,,,,,,,,,,,,,,,,,,,,,,,,,,,,,,,,
